<?xml version="1.0" encoding="utf-8"?>
<project name="SnakeGame"
  caption="SnakeGame"
  qualified_name="localhost.debian.eugeneloza.snakegame"
  standalone_source="snakegame.pas"
  <!-- android_source="snakegame.lpr" -->
  <!-- android_project="android_application/" -->
  <!-- screen_orientation="landscape" -->
  author="Eugene Loza">
<!--
  <icons>
    <icon path="snake_icon.png" />
  </icons>

  <android project_type="integrated" /> <!-- necessary for sound to work -->
  <package>
    <exclude path="data/interface/fonts/*" /> <!-- no freetype lib available yet, using pre-generated fonts -->
  </package>
  <dependencies>
    <dependency name="Zlib" /> <!-- zlib, to read .gz files -->
    <dependency name="Png" /> <!-- libpng, to read .png files -->
  </dependencies>
</project>
